id,en,es
0001,"3/4 sit-up","abdominal 3/4"
0002,"45° side bend","flexión lateral de tronco a 45°"
0003,"air bike","bicicleta en el aire"
1512,"all fours squad stretch","estiramiento de cuádriceps en cuatro apoyos"
0006,"alternate heel touchers","toques de talón alternados"
0007,"alternate lateral pulldown","jalón al pecho lateral alternado"
1368,"ankle circles","movimiento circular de tobillo"
3293,"archer pull up","dominada archer"
3294,"archer push up","flexión archer"
2355,"arm slingers hanging bent knee legs","balanceo de piernas colgado con rodillas flexionadas"
2333,"arm slingers hanging straight legs","balanceo de piernas colgado con piernas rectas"
3214,"arms apart circular toe touch (male)","toque de punta de pie con brazos abiertos en círculo"
3204,"arms overhead full sit-up (male)","abdominal completo con brazos por encima de la cabeza"
0009,"assisted chest dip (kneeling)","fondo de pecho asistido (de rodillas)"
0011,"assisted hanging knee raise","elevación de rodillas colgado asistida"
0010,"assisted hanging knee raise with throw down","elevación de rodillas colgado asistida con impulso"
1708,"assisted lying calves stretch","estiramiento de gemelos acostado asistido"
1709,"assisted lying glutes stretch","estiramiento de glúteos acostado asistido"
1710,"assisted lying gluteus and piriformis stretch","estiramiento de glúteo y piriforme acostado asistido"
0012,"assisted lying leg raise with lateral throw down","elevación de piernas acostado asistida con impulso lateral"
0013,"assisted lying leg raise with throw down","elevación de piernas acostado asistida con impulso"
0014,"assisted motion russian twist","giro ruso asistido"
0015,"assisted parallel close grip pull-up","dominada asistida con agarre cerrado paralelo"
0016,"assisted prone hamstring","femoral boca abajo asistido"
1713,"assisted prone lying quads stretch","estiramiento de cuádriceps boca abajo asistido"
1714,"assisted prone rectus femoris stretch","estiramiento de recto femoral boca abajo asistido"
0017,"assisted pull-up","dominada asistida"
1716,"assisted seated pectoralis major stretch with stability ball","estiramiento de pectoral mayor sentado asistido con pelota suiza"
1712,"assisted side lying adductor stretch","estiramiento de aductores de costado asistido"
1758,"assisted sit-up","abdominal asistido"
1431,"assisted standing chin-up","dominada supina de pie asistida"
1432,"assisted standing pull-up","dominada de pie asistida"
0018,"assisted standing triceps extension (with towel)","extensión de tríceps de pie asistida (con toalla)"
0019,"assisted triceps dip (kneeling)","fondo de tríceps asistido (de rodillas)"
2364,"assisted wide-grip chest dip (kneeling)","fondo de pecho asistido con agarre abierto (de rodillas)"
3220,"astride jumps (male)","saltos con piernas abiertas y cerradas"
3672,"back and forth step","paso adelante y atrás"
1314,"back extension on exercise ball","extensión de espalda sobre pelota suiza"
3297,"back lever","palanca dorsal (back lever)"
1405,"back pec stretch","estiramiento de pectoral por detrás"
1473,"backward jump","salto hacia atrás"
0020,"balance board","tabla de equilibrio"
0968,"band alternating biceps curl","curl de bíceps alternado con banda"
0969,"band alternating v-up","v-up alternado con banda"
0970,"band assisted pull-up","dominada asistida con banda"
0971,"band assisted wheel rollerout","rueda abdominal asistida con banda"
1254,"band bench press","press de banca con banda"
0980,"band bent-over hip extension","extensión de cadera con torso inclinado con banda"
0972,"band bicycle crunch","crunch bicicleta con banda"
0974,"band close-grip pulldown","jalón con agarre cerrado con banda"
0975,"band close-grip push-up","flexión con agarre cerrado con banda"
0976,"band concentration curl","curl concentrado con banda"
3117,"band fixed back close grip pulldown","jalón con agarre cerrado y espalda fija con banda"
3116,"band fixed back underhand pulldown","jalón con agarre supino y espalda fija con banda"
0977,"band front lateral raise","elevación lateral al frente con banda"
0978,"band front raise","elevación frontal con banda"
1408,"band hip lift","elevación de cadera con banda"
0979,"band horizontal pallof press","press pallof horizontal con banda"
0981,"band jack knife sit-up","abdominal jack knife con banda"
0983,"band kneeling one arm pulldown","jalón a un brazo de rodillas con banda"
0985,"band kneeling twisting crunch","crunch con giro de rodillas con banda"
0984,"band lying hip internal rotation","rotación interna de cadera acostado con banda"
1002,"band lying straight leg raise","elevación de pierna recta acostado con banda"
0986,"band one arm overhead biceps curl","curl de bíceps a un brazo por encima de la cabeza con banda"
0987,"band one arm single leg split squat","sentadilla búlgara a un brazo y una pierna con banda"
0988,"band one arm standing low row","remo bajo a un brazo de pie con banda"
0989,"band one arm twisting chest press","press de pecho a un brazo con giro con banda"
0990,"band one arm twisting seated row","remo sentado a un brazo con giro con banda"
0991,"band pull through","pull through con banda"
0992,"band push sit-up","abdominal con empuje con banda"
0993,"band reverse fly","apertura posterior con banda"
0994,"band reverse wrist curl","curl invertido de muñeca con banda"
0996,"band seated hip internal rotation","rotación interna de cadera sentado con banda"
1011,"band seated twist","giro sentado con banda"
0997,"band shoulder press","press de hombros con banda"
1018,"band shrug","encogimiento de hombros con banda"
0998,"band side triceps extension","extensión lateral de tríceps con banda"
0999,"band single leg calf raise","elevación de gemelo a una pierna con banda"
1000,"band single leg reverse calf raise","elevación invertida de gemelo a una pierna con banda"
1001,"band single leg split squat","sentadilla búlgara a una pierna con banda"
1004,"band squat","sentadilla con banda"
1003,"band squat row","sentadilla con remo con banda"
1005,"band standing crunch","crunch de pie con banda"
1022,"band standing rear delt row","remo para deltoides posterior de pie con banda"
1007,"band standing twisting crunch","crunch de pie con giro con banda"
1008,"band step-up","subida al cajón con banda"
1009,"band stiff leg deadlift","peso muerto con piernas rígidas con banda"
1023,"band straight back stiff leg deadlift","peso muerto con piernas rígidas y espalda recta con banda"
1010,"band straight leg deadlift","peso muerto con piernas rectas con banda"
1012,"band twisting overhead press","press por encima de la cabeza con giro con banda"
1369,"band two legs calf raise - (band under both legs) v. 2","elevación de gemelos a dos piernas con banda (banda bajo ambas piernas) (v. 2)"
1013,"band underhand pulldown","jalón con agarre supino con banda"
1014,"band v-up","v-up con banda"
1015,"band vertical pallof press","press pallof vertical con banda"
1016,"band wrist curl","curl de muñeca con banda"
1017,"band y-raise","elevación en Y con banda"
0023,"barbell alternate biceps curl","curl de bíceps alternado con barra"
0024,"barbell bench front squat","sentadilla frontal en banco con barra"
0025,"barbell bench press","press de banca con barra"
0026,"barbell bench squat","sentadilla en banco con barra"
1316,"barbell bent arm pullover","pullover con brazos flexionados con barra"
0027,"barbell bent over row","remo con torso inclinado con barra"
2407,"barbell biceps curl (with arm blaster)","curl de bíceps con barra (con arm blaster)"
0028,"barbell clean and press","cargada y press con barra"
0029,"barbell clean-grip front squat","sentadilla frontal con agarre de cargada con barra"
0030,"barbell close-grip bench press","press de banca con agarre cerrado con barra"
0031,"barbell curl","curl de bíceps con barra"
0032,"barbell deadlift","peso muerto con barra"
0033,"barbell decline bench press","press de banca declinado con barra"
0034,"barbell decline bent arm pullover","pullover declinado con brazos flexionados con barra"
0035,"barbell decline close grip to skull press","press declinado con agarre cerrado hacia la frente con barra"
1255,"barbell decline pullover","pullover declinado con barra"
0036,"barbell decline wide-grip press","press declinado con agarre abierto con barra"
0037,"barbell decline wide-grip pullover","pullover declinado con agarre abierto con barra"
0038,"barbell drag curl","curl drag con barra"
1370,"barbell floor calf raise","elevación de gemelos en el piso con barra"
0039,"barbell front chest squat","sentadilla frontal al pecho con barra"
0041,"barbell front raise","elevación frontal con barra"
0040,"barbell front raise and pullover","elevación frontal y pullover con barra"
0042,"barbell front squat","sentadilla frontal con barra"
0043,"barbell full squat","sentadilla profunda con barra"
1461,"barbell full squat (back pov)","sentadilla profunda con barra (vista posterior)"
1462,"barbell full squat (side pov)","sentadilla profunda con barra (vista lateral)"
1545,"barbell full zercher squat","sentadilla zercher profunda con barra"
1409,"barbell glute bridge","puente de glúteos con barra"
3562,"barbell glute bridge two legs on bench (male)","puente de glúteos con ambas piernas en banco con barra"
0044,"barbell good morning","buenos días con barra"
0045,"barbell guillotine bench press","press de banca guillotina con barra"
0046,"barbell hack squat","hack squat con barra"
1436,"barbell high bar squat","sentadilla con barra alta"
0047,"barbell incline bench press","press de banca inclinado con barra"
1719,"barbell incline close grip bench press","press de banca inclinado con agarre cerrado con barra"
0048,"barbell incline reverse-grip press","press inclinado con agarre invertido con barra"
0049,"barbell incline row","remo inclinado con barra"
0050,"barbell incline shoulder raise","elevación de hombros inclinado con barra"
0051,"barbell jefferson squat","sentadilla jefferson con barra"
0052,"barbell jm bench press","press de banca JM con barra"
0053,"barbell jump squat","sentadilla con salto con barra"
1410,"barbell lateral lunge","zancada lateral con barra"
1435,"barbell low bar squat","sentadilla con barra baja"
0054,"barbell lunge","zancada con barra"
1720,"barbell lying back of the head tricep extension","extensión de tríceps tras nuca acostado con barra"
0055,"barbell lying close-grip press","press acostado con agarre cerrado con barra"
0056,"barbell lying close-grip triceps extension","extensión de tríceps acostado con agarre cerrado con barra"
0057,"barbell lying extension","extensión acostado con barra"
0058,"barbell lying lifting (on hip)","elevación acostado sobre la cadera con barra"
0059,"barbell lying preacher curl","curl predicador acostado con barra"
0061,"barbell lying triceps extension","extensión de tríceps acostado con barra"
0060,"barbell lying triceps extension skull crusher","extensión de tríceps acostado tipo rompecráneos con barra"
0063,"barbell narrow stance squat","sentadilla con pies juntos con barra"
0064,"barbell one arm bent over row","remo con torso inclinado a un brazo con barra"
0065,"barbell one arm floor press","press en el piso a un brazo con barra"
0066,"barbell one arm side deadlift","peso muerto lateral a un brazo con barra"
0067,"barbell one arm snatch","arranque a un brazo con barra"
0068,"barbell one leg squat","sentadilla a una pierna con barra"
0069,"barbell overhead squat","sentadilla por encima de la cabeza con barra"
1411,"barbell palms down wrist curl over a bench","curl de muñeca con palmas abajo sobre un banco con barra"
1412,"barbell palms up wrist curl over a bench","curl de muñeca con palmas arriba sobre un banco con barra"
3017,"barbell pendlay row","remo pendlay con barra"
1751,"barbell pin presses","press desde pines con barra"
0070,"barbell preacher curl","curl predicador con barra"
0071,"barbell press sit-up","abdominal con press con barra"
0072,"barbell prone incline curl","curl inclinado boca abajo con barra"
0073,"barbell pullover","pullover con barra"
0022,"barbell pullover to press","pullover al press con barra"
0074,"barbell rack pull","rack pull con barra"
0075,"barbell rear delt raise","elevación de deltoides posterior con barra"
0076,"barbell rear delt row","remo para deltoides posterior con barra"
0078,"barbell rear lunge","zancada hacia atrás con barra"
0077,"barbell rear lunge v. 2","zancada hacia atrás con barra (v. 2)"
0079,"barbell revers wrist curl v. 2","curl invertido de muñeca con barra (v. 2)"
2187,"barbell reverse close-grip bench press","press de banca con agarre cerrado invertido con barra"
0080,"barbell reverse curl","curl invertido con barra"
0118,"barbell reverse grip bent over row","remo con torso inclinado con agarre invertido con barra"
1256,"barbell reverse grip decline bench press","press de banca declinado con agarre invertido con barra"
1257,"barbell reverse grip incline bench press","press de banca inclinado con agarre invertido con barra"
1317,"barbell reverse grip incline bench row","remo en banco inclinado con agarre invertido con barra"
1721,"barbell reverse grip skullcrusher","rompecráneos con agarre invertido con barra"
0081,"barbell reverse preacher curl","curl predicador invertido con barra"
0082,"barbell reverse wrist curl","curl invertido de muñeca con barra"
0084,"barbell rollerout","rueda abdominal con barra"
0083,"barbell rollerout from bench","rueda abdominal desde el banco con barra"
0085,"barbell romanian deadlift","peso muerto rumano con barra"
0086,"barbell seated behind head military press","press militar tras nuca sentado con barra"
0087,"barbell seated bradford rocky press","press bradford sentado con barra"
0088,"barbell seated calf raise","elevación de gemelos sentado con barra"
1371,"barbell seated calf raise","elevación de gemelos sentado con barra"
1718,"barbell seated close grip behind neck triceps extension","extensión de tríceps tras nuca sentado con agarre cerrado con barra"
0089,"barbell seated close-grip concentration curl","curl concentrado sentado con agarre cerrado con barra"
0090,"barbell seated good morning","buenos días sentado con barra"
0091,"barbell seated overhead press","press por encima de la cabeza sentado con barra"
0092,"barbell seated overhead triceps extension","extensión de tríceps por encima de la cabeza sentado con barra"
0094,"barbell seated twist","giro sentado con barra"
0095,"barbell shrug","encogimiento de hombros con barra"
0096,"barbell side bent v. 2","flexión lateral de tronco con barra (v. 2)"
0098,"barbell side split squat","sentadilla búlgara lateral con barra"
0097,"barbell side split squat v. 2","sentadilla búlgara lateral con barra (v. 2)"
1756,"barbell single leg deadlift","peso muerto a una pierna con barra"
0099,"barbell single leg split squat","sentadilla búlgara a una pierna con barra"
2799,"barbell sitted alternate leg raise","elevación de piernas alternada sentado con barra"
2800,"barbell sitted alternate leg raise (female)","elevación de piernas alternada sentado con barra"
0100,"barbell skier","esquiador con barra"
0101,"barbell speed squat","sentadilla de velocidad con barra"
2810,"barbell split squat v. 2","sentadilla búlgara con barra (v. 2)"
0102,"barbell squat (on knees)","sentadilla de rodillas con barra"
2798,"barbell squat jump step rear lunge","sentadilla con salto y zancada hacia atrás con barra"
0103,"barbell standing ab rollerout","rueda abdominal de pie con barra"
0104,"barbell standing back wrist curl","curl de muñeca por detrás de pie con barra"
0105,"barbell standing bradford press","press bradford de pie con barra"
1372,"barbell standing calf raise","elevación de gemelos de pie con barra"
0106,"barbell standing close grip curl","curl de pie con agarre cerrado con barra"
1456,"barbell standing close grip military press","press militar de pie con agarre cerrado con barra"
2414,"barbell standing concentration curl","curl concentrado de pie con barra"
0107,"barbell standing front raise over head","elevación frontal por encima de la cabeza de pie con barra"
0108,"barbell standing leg calf raise","elevación de gemelos de pie con barra"
0109,"barbell standing overhead triceps extension","extensión de tríceps por encima de la cabeza de pie con barra"
0110,"barbell standing reverse grip curl","curl con agarre invertido de pie con barra"
0111,"barbell standing rocking leg calf raise","elevación de gemelos con balanceo de pie con barra"
0112,"barbell standing twist","giro de pie con barra"
1629,"barbell standing wide grip biceps curl","curl de bíceps con agarre abierto de pie con barra"
1457,"barbell standing wide military press","press militar de pie con agarre abierto con barra"
0113,"barbell standing wide-grip curl","curl de pie con agarre abierto con barra"
0114,"barbell step-up","subida al cajón con barra"
0115,"barbell stiff leg good morning","buenos días con piernas rígidas con barra"
0116,"barbell straight leg deadlift","peso muerto con piernas rectas con barra"
0117,"barbell sumo deadlift","peso muerto sumo con barra"
3305,"barbell thruster","thruster con barra"
0120,"barbell upright row","remo al mentón con barra"
0119,"barbell upright row v. 2","remo al mentón con barra (v. 2)"
0121,"barbell upright row v. 3","remo al mentón con barra (v. 3)"
0122,"barbell wide bench press","press de banca con agarre abierto con barra"
1258,"barbell wide reverse grip bench press","press de banca con agarre invertido abierto con barra"
0124,"barbell wide squat","sentadilla con pies bien separados con barra"
0123,"barbell wide-grip upright row","remo al mentón con agarre abierto con barra"
0126,"barbell wrist curl","curl de muñeca con barra"
0125,"barbell wrist curl v. 2","curl de muñeca con barra (v. 2)"
0127,"barbell zercher squat","sentadilla zercher con barra"
3212,"basic toe touch (male)","toque de punta de pie básico"
0128,"battling ropes","cuerdas de batalla"
3360,"bear crawl","caminata del oso"
1259,"behind head chest stretch","estiramiento de pecho tras nuca"
0129,"bench dip (knees bent)","fondo en banco (rodillas flexionadas)"
1399,"bench dip on floor","fondo en banco con pies en el piso"
0130,"bench hip extension","extensión de cadera en banco"
3019,"bench pull-ups","dominadas en banco"
3639,"bent knee lying twist (male)","giro acostado con rodillas flexionadas"
1770,"biceps leg concentration curl","curl concentrado con la pierna en el bíceps"
0139,"biceps narrow pull-ups","dominadas cerradas para bíceps"
0140,"biceps pull-up","dominada para bíceps"
0137,"body-up","body-up"
3543,"bodyweight drop jump squat","sentadilla con salto en caída con peso corporal"
3544,"bodyweight incline side plank","plancha lateral inclinada con peso corporal"
1771,"bodyweight kneeling triceps extension","extensión de tríceps de rodillas con peso corporal"
1769,"bodyweight side lying biceps curl","curl de bíceps de costado con peso corporal"
3168,"bodyweight squatting row","remo en sentadilla con peso corporal"
3167,"bodyweight squatting row (with towel)","remo en sentadilla con peso corporal (con toalla)"
1373,"bodyweight standing calf raise","elevación de gemelos de pie con peso corporal"
3156,"bodyweight standing close-grip one arm row","remo a un brazo de pie con agarre cerrado con peso corporal"
3158,"bodyweight standing close-grip row","remo de pie con agarre cerrado con peso corporal"
3162,"bodyweight standing one arm row","remo a un brazo de pie con peso corporal"
3161,"bodyweight standing one arm row (with towel)","remo a un brazo de pie con peso corporal (con toalla)"
3166,"bodyweight standing row","remo de pie con peso corporal"
3165,"bodyweight standing row (with towel)","remo de pie con peso corporal (con toalla)"
0138,"bottoms-up","bottoms-up"
1374,"box jump down with one leg stabilization","salto al cajón hacia abajo con estabilización a una pierna"
2466,"bridge - mountain climber (cross body)","puente con escalador (cruzado)"
1160,"burpee","burpee"
0870,"butt-ups","elevación de glúteos"
1494,"butterfly yoga pose","postura de yoga de la mariposa"
0148,"cable alternate shoulder press","press de hombros alternado en polea"
0149,"cable alternate triceps extension","extensión de tríceps alternada en polea"
3235,"cable assisted inverse leg curl","curl femoral invertido asistido en polea"
0150,"cable bar lateral pulldown","jalón al pecho con barra en polea"
0151,"cable bench press","press de banca en polea"
1630,"cable close grip curl","curl con agarre cerrado en polea"
1631,"cable concentration curl","curl concentrado en polea"
0152,"cable concentration extension (on knee)","extensión concentrada en polea (sobre la rodilla)"
0153,"cable cross-over lateral pulldown","jalón al pecho cruzado en polea"
0154,"cable cross-over revers fly","apertura posterior cruzada en polea"
0155,"cable cross-over variation","cruce de poleas (variante)"
0868,"cable curl","curl en polea"
0157,"cable deadlift","peso muerto en polea"
0158,"cable decline fly","apertura declinada en polea"
1260,"cable decline one arm press","press declinado a un brazo en polea"
1261,"cable decline press","press declinado en polea"
0159,"cable decline seated wide-grip row","remo sentado declinado con agarre abierto en polea"
1632,"cable drag curl","curl drag en polea"
0160,"cable floor seated wide-grip row","remo sentado en el piso con agarre abierto en polea"
0161,"cable forward raise","elevación al frente en polea"
0162,"cable front raise","elevación frontal en polea"
0164,"cable front shoulder raise","elevación frontal de hombros en polea"
0165,"cable hammer curl (with rope)","curl martillo en polea (con soga)"
1722,"cable high pulley overhead tricep extension","extensión de tríceps por encima de la cabeza en polea alta"
0167,"cable high row (kneeling)","remo alto en polea (de rodillas)"
0168,"cable hip adduction","aducción de cadera en polea"
0169,"cable incline bench press","press de banca inclinado en polea"
1318,"cable incline bench row","remo en banco inclinado en polea"
0171,"cable incline fly","apertura inclinada en polea"
0170,"cable incline fly (on stability ball)","apertura inclinada en polea (sobre pelota suiza)"
0172,"cable incline pushdown","extensión de tríceps inclinada hacia abajo en polea"
0173,"cable incline triceps extension","extensión de tríceps inclinada en polea"
0174,"cable judo flip","giro tipo judo en polea"
0860,"cable kickback","patada de tríceps en polea"
0175,"cable kneeling crunch","crunch de rodillas en polea"
3697,"cable kneeling rear delt row (with rope) (male)","remo para deltoides posterior de rodillas en polea (con soga)"
0176,"cable kneeling triceps extension","extensión de tríceps de rodillas en polea"
2330,"cable lat pulldown full range of motion","jalón al pecho en polea con recorrido completo"
0177,"cable lateral pulldown (with rope attachment)","jalón al pecho en polea (con soga)"
2616,"cable lateral pulldown with v-bar","jalón al pecho en polea con barra en V"
0178,"cable lateral raise","elevación lateral en polea"
0179,"cable low fly","apertura baja en polea"
0180,"cable low seated row","remo bajo sentado en polea"
1634,"cable lying bicep curl","curl de bíceps acostado en polea"
0182,"cable lying close-grip curl","curl acostado con agarre cerrado en polea"
0184,"cable lying extension pullover (with rope attachment)","pullover con extensión acostado en polea (con soga)"
0185,"cable lying fly","apertura acostado en polea"
0186,"cable lying triceps extension v. 2","extensión de tríceps acostado en polea (v. 2)"
0188,"cable middle fly","apertura media en polea"
0189,"cable one arm bent over row","remo con torso inclinado a un brazo en polea"
0190,"cable one arm curl","curl a un brazo en polea"
1262,"cable one arm decline chest fly","apertura de pecho declinada a un brazo en polea"
1263,"cable one arm fly on exercise ball","apertura a un brazo sobre pelota suiza en polea"
1264,"cable one arm incline fly on exercise ball","apertura inclinada a un brazo sobre pelota suiza en polea"
1265,"cable one arm incline press","press inclinado a un brazo en polea"
1266,"cable one arm incline press on exercise ball","press inclinado a un brazo sobre pelota suiza en polea"
0191,"cable one arm lateral bent-over","inclinación lateral a un brazo en polea"
0192,"cable one arm lateral raise","elevación lateral a un brazo en polea"
1633,"cable one arm preacher curl","curl predicador a un brazo en polea"
1267,"cable one arm press on exercise ball","press a un brazo sobre pelota suiza en polea"
3563,"cable one arm pulldown","jalón a un brazo en polea"
1635,"cable one arm reverse preacher curl","curl predicador invertido a un brazo en polea"
0193,"cable one arm straight back high row (kneeling)","remo alto a un brazo con espalda recta en polea (de rodillas)"
1723,"cable one arm tricep pushdown","extensión de tríceps a un brazo hacia abajo en polea"
1636,"cable overhead curl","curl por encima de la cabeza en polea"
1637,"cable overhead curl on exercise ball","curl por encima de la cabeza sobre pelota suiza en polea"
0194,"cable overhead triceps extension (rope attachment)","extensión de tríceps por encima de la cabeza en polea (con soga)"
1319,"cable palm rotational row","remo con rotación de muñeca en polea"
0195,"cable preacher curl","curl predicador en polea"
1268,"cable press on exercise ball","press sobre pelota suiza en polea"
0196,"cable pull through (with rope)","pull through en polea (con soga)"
0198,"cable pulldown","jalón en polea"
0197,"cable pulldown (pro lat bar)","jalón en polea (barra ancha)"
1638,"cable pulldown bicep curl","curl de bíceps en jalón de polea"
0201,"cable pushdown","extensión de tríceps hacia abajo en polea"
0199,"cable pushdown (straight arm) v. 2","extensión de tríceps hacia abajo con brazo recto en polea (v. 2)"
0200,"cable pushdown (with rope attachment)","extensión de tríceps hacia abajo en polea (con soga)"
0202,"cable rear delt row (stirrups)","remo para deltoides posterior en polea (estribos)"
0203,"cable rear delt row (with rope)","remo para deltoides posterior en polea (con soga)"
0204,"cable rear drive","empuje posterior en polea"
0205,"cable rear pulldown","jalón posterior en polea"
0873,"cable reverse crunch","crunch invertido en polea"
0206,"cable reverse curl","curl invertido en polea"
2406,"cable reverse grip triceps pushdown (sz-bar) (with arm blaster)","extensión de tríceps hacia abajo con agarre invertido en polea (barra SZ) (con arm blaster)"
1413,"cable reverse one arm curl","curl invertido a un brazo en polea"
0209,"cable reverse preacher curl","curl predicador invertido en polea"
0210,"cable reverse wrist curl","curl invertido de muñeca en polea"
0207,"cable reverse-grip pushdown","extensión de tríceps hacia abajo con agarre invertido en polea"
0208,"cable reverse-grip straight back seated high row","remo alto sentado con agarre invertido y espalda recta en polea"
1320,"cable rope crossover seated row","remo sentado con soga cruzada en polea"
1321,"cable rope elevated seated row","remo sentado elevado con soga en polea"
1322,"cable rope extension incline bench row","remo en banco inclinado con extensión de soga en polea"
1639,"cable rope hammer preacher curl","curl predicador martillo con soga en polea"
1724,"cable rope high pulley overhead tricep extension","extensión de tríceps por encima de la cabeza con soga en polea alta"
1725,"cable rope incline tricep extension","extensión de tríceps inclinada con soga en polea"
1726,"cable rope lying on floor tricep extension","extensión de tríceps acostado en el piso con soga en polea"
1640,"cable rope one arm hammer preacher curl","curl predicador martillo a un brazo con soga en polea"
1323,"cable rope seated row","remo sentado con soga en polea"
0211,"cable russian twists (on stability ball)","giros rusos en polea (sobre pelota suiza)"
2144,"cable seated chest press","press de pecho sentado en polea"
0212,"cable seated crunch","crunch sentado en polea"
1641,"cable seated curl","curl sentado en polea"
0213,"cable seated high row (v-bar)","remo alto sentado en polea (barra en V)"
0214,"cable seated one arm alternate row","remo alternado a un brazo sentado en polea"
1642,"cable seated one arm concentration curl","curl concentrado a un brazo sentado en polea"
1643,"cable seated overhead curl","curl por encima de la cabeza sentado en polea"
0215,"cable seated rear lateral raise","elevación posterior sentado en polea"
0861,"cable seated row","remo sentado en polea"
0216,"cable seated shoulder internal rotation","rotación interna de hombro sentado en polea"
2399,"cable seated twist","giro sentado en polea"
0218,"cable seated wide-grip row","remo sentado con agarre abierto en polea"
0219,"cable shoulder press","press de hombros en polea"
0220,"cable shrug","encogimiento de hombros en polea"
0222,"cable side bend","flexión lateral de tronco en polea"
0221,"cable side bend crunch (bosu ball)","crunch de flexión lateral en polea (bosu)"
0223,"cable side crunch","crunch lateral en polea"
1717,"cable squat row (with rope attachment)","sentadilla con remo en polea (con soga)"
1644,"cable squatting curl","curl en sentadilla en polea"
0224,"cable standing back wrist curl","curl de muñeca por detrás de pie en polea"
1375,"cable standing calf raise","elevación de gemelos de pie en polea"
0225,"cable standing cross-over high reverse fly","apertura posterior alta cruzada de pie en polea"
0226,"cable standing crunch","crunch de pie en polea"
0874,"cable standing crunch (with rope attachment)","crunch de pie en polea (con soga)"
0227,"cable standing fly","apertura de pie en polea"
0228,"cable standing hip extension","extensión de cadera de pie en polea"
0229,"cable standing inner curl","curl interno de pie en polea"
0230,"cable standing lift","elevación de pie en polea"
0231,"cable standing one arm triceps extension","extensión de tríceps a un brazo de pie en polea"
1376,"cable standing one leg calf raise","elevación de gemelos a una pierna de pie en polea"
0232,"cable standing pulldown (with rope)","jalón de pie en polea (con soga)"
0233,"cable standing rear delt row (with rope)","remo para deltoides posterior de pie en polea (con soga)"
1727,"cable standing reverse grip one arm overhead tricep extension","extensión de tríceps por encima de la cabeza a un brazo con agarre invertido de pie en polea"
0234,"cable standing row (v-bar)","remo de pie en polea (barra en V)"
0235,"cable standing shoulder external rotation","rotación externa de hombro de pie en polea"
0236,"cable standing twist row (v-bar)","remo con giro de pie en polea (barra en V)"
1269,"cable standing up straight crossovers","cruces de pie erguido en polea"
0238,"cable straight arm pulldown","jalón con brazo recto en polea"
0237,"cable straight arm pulldown (with rope)","jalón con brazo recto en polea (con soga)"
0239,"cable straight back seated row","remo sentado con espalda recta en polea"
0240,"cable supine reverse fly","apertura posterior boca arriba en polea"
2464,"cable thibaudeau kayak row","remo kayak thibaudeau en polea"
0241,"cable triceps pushdown (v-bar)","extensión de tríceps hacia abajo en polea (barra en V)"
2405,"cable triceps pushdown (v-bar) (with arm blaster)","extensión de tríceps hacia abajo en polea (barra en V) (con arm blaster)"
0242,"cable tuck reverse crunch","crunch invertido con rodillas al pecho en polea"
0243,"cable twist","giro en polea"
0862,"cable twist (up-down)","giro en polea (arriba y abajo)"
0244,"cable twisting pull","jalón con giro en polea"
1645,"cable two arm curl on incline bench","curl a dos brazos en banco inclinado en polea"
1728,"cable two arm tricep kickback","patada de tríceps a dos brazos en polea"
0245,"cable underhand pulldown","jalón con agarre supino en polea"
1270,"cable upper chest crossovers","cruces para pecho alto en polea"
1324,"cable upper row","remo alto en polea"
0246,"cable upright row","remo al mentón en polea"
1325,"cable wide grip rear pulldown behind neck","jalón posterior tras nuca con agarre abierto en polea"
0247,"cable wrist curl","curl de muñeca en polea"
1407,"calf push stretch with hands against wall","estiramiento de gemelos con las manos en la pared"
1377,"calf stretch with hands against wall","estiramiento de gemelos con las manos en la pared"
1378,"calf stretch with rope","estiramiento de gemelos con soga"
0248,"cambered bar lying row","remo acostado con barra curva"
2963,"captains chair straight leg raise","elevación de piernas rectas en silla romana"
1548,"chair leg extended stretch","estiramiento de pierna extendida en silla"
1271,"chest and front of shoulder stretch","estiramiento de pecho y parte anterior del hombro"
0251,"chest dip","fondo de pecho"
1430,"chest dip (on dip-pull-up cage)","fondo de pecho (en jaula de dominadas)"
2462,"chest dip on straight bar","fondo de pecho en barra recta"
1272,"chest stretch with exercise ball","estiramiento de pecho con pelota suiza"
3216,"chest tap push-up (male)","flexión con toque al pecho"
1326,"chin-up","dominada supina"
0253,"chin-ups (narrow parallel grip)","dominadas supinas (agarre paralelo cerrado)"
0257,"circles knee stretch","estiramiento de rodilla en círculos"
1273,"clap push up","flexión con palmada"
0258,"clock push-up","flexión del reloj"
1327,"close grip chin-up","dominada supina con agarre cerrado"
0259,"close-grip push-up","flexión con agarre cerrado"
2398,"close-grip push-up (on knees)","flexión con agarre cerrado (de rodillas)"
0260,"cocoons","cocoons"
1468,"crab twist toe touch","toque de punta de pie con giro tipo cangrejo"
0262,"cross body crunch","crunch cruzado"
0267,"crunch (hands overhead)","crunch (manos por encima de la cabeza)"
0271,"crunch (on stability ball)","crunch (sobre pelota suiza)"
0272,"crunch (on stability ball, arms straight)","crunch (sobre pelota suiza, brazos rectos)"
0274,"crunch floor","crunch en el piso"
3016,"curl-up","curl-up"
3769,"curtsey squat","sentadilla curtsy"
2331,"cycle cross trainer","elíptica"
0276,"dead bug","dead bug"
0277,"decline crunch","crunch declinado"
0279,"decline push-up","flexión declinada"
0282,"decline sit-up","abdominal declinado"
1274,"deep push up","flexión profunda"
0283,"diamond push-up","flexión diamante"
0284,"donkey calf raise","elevación de gemelos tipo burro"
1275,"drop push up","flexión en caída"
0285,"dumbbell alternate biceps curl","curl de bíceps alternado con mancuernas"
2403,"dumbbell alternate biceps curl (with arm blaster)","curl de bíceps alternado con mancuernas (con arm blaster)"
1646,"dumbbell alternate hammer preacher curl","curl predicador martillo alternado con mancuernas"
1647,"dumbbell alternate preacher curl","curl predicador alternado con mancuernas"
1648,"dumbbell alternate seated hammer curl","curl martillo alternado sentado con mancuernas"
0286,"dumbbell alternate side press","press lateral alternado con mancuernas"
1649,"dumbbell alternating bicep curl with leg raised on exercise ball","curl de bíceps alternado con pierna elevada sobre pelota suiza con mancuernas"
1650,"dumbbell alternating seated bicep curl on exercise ball","curl de bíceps alternado sentado sobre pelota suiza con mancuernas"
2137,"dumbbell arnold press","press arnold con mancuernas"
0287,"dumbbell arnold press v. 2","press arnold con mancuernas (v. 2)"
0288,"dumbbell around pullover","pullover circular con mancuerna"
0289,"dumbbell bench press","press de banca con mancuernas"
0290,"dumbbell bench seated press","press sentado en banco con mancuernas"
0291,"dumbbell bench squat","sentadilla en banco con mancuernas"
0293,"dumbbell bent over row","remo con torso inclinado con mancuernas"
1651,"dumbbell bicep curl lunge with bowling motion","curl de bíceps en zancada con movimiento de bowling con mancuerna"
1652,"dumbbell bicep curl on exercise ball with leg raised","curl de bíceps sobre pelota suiza con pierna elevada con mancuerna"
1653,"dumbbell bicep curl with stork stance","curl de bíceps en apoyo unipodal con mancuerna"
0294,"dumbbell biceps curl","curl de bíceps con mancuernas"
2401,"dumbbell biceps curl (with arm blaster)","curl de bíceps con mancuernas (con arm blaster)"
1654,"dumbbell biceps curl reverse","curl de bíceps invertido con mancuernas"
1655,"dumbbell biceps curl squat","curl de bíceps en sentadilla con mancuernas"
1656,"dumbbell biceps curl v sit on bosu ball","curl de bíceps en V-sit sobre bosu con mancuernas"
1201,"dumbbell burpee","burpee con mancuernas"
0295,"dumbbell clean","cargada con mancuernas"
1731,"dumbbell close grip press","press con agarre cerrado con mancuernas"
0296,"dumbbell close-grip press","press con agarre cerrado con mancuernas"
0297,"dumbbell concentration curl","curl concentrado con mancuerna"
3635,"dumbbell contralateral forward lunge","zancada adelante contralateral con mancuerna"
0298,"dumbbell cross body hammer curl","curl martillo cruzado con mancuerna"
1657,"dumbbell cross body hammer curl v. 2","curl martillo cruzado con mancuerna (v. 2)"
0299,"dumbbell cuban press","press cubano con mancuernas"
2136,"dumbbell cuban press v. 2","press cubano con mancuernas (v. 2)"
0300,"dumbbell deadlift","peso muerto con mancuernas"
0301,"dumbbell decline bench press","press de banca declinado con mancuernas"
0302,"dumbbell decline fly","apertura declinada con mancuernas"
0303,"dumbbell decline hammer press","press martillo declinado con mancuernas"
1276,"dumbbell decline one arm fly","apertura declinada a un brazo con mancuerna"
1617,"dumbbell decline one arm hammer press","press martillo declinado a un brazo con mancuerna"
0305,"dumbbell decline shrug","encogimiento de hombros declinado con mancuernas"
0304,"dumbbell decline shrug v. 2","encogimiento de hombros declinado con mancuernas (v. 2)"
0306,"dumbbell decline triceps extension","extensión de tríceps declinada con mancuernas"
0307,"dumbbell decline twist fly","apertura declinada con giro con mancuernas"
1437,"dumbbell finger curls","curl de dedos con mancuernas"
0308,"dumbbell fly","apertura con mancuernas"
1277,"dumbbell fly on exercise ball","apertura sobre pelota suiza con mancuernas"
1732,"dumbbell forward lunge triceps extension","extensión de tríceps en zancada adelante con mancuernas"
0310,"dumbbell front raise","elevación frontal con mancuernas"
0309,"dumbbell front raise v. 2","elevación frontal con mancuernas (v. 2)"
0311,"dumbbell full can lateral raise","elevación lateral tipo full can con mancuernas"
1760,"dumbbell goblet squat","sentadilla goblet con mancuerna"
0313,"dumbbell hammer curl","curl martillo con mancuernas"
1659,"dumbbell hammer curl on exercise ball","curl martillo sobre pelota suiza con mancuernas"
0312,"dumbbell hammer curl v. 2","curl martillo con mancuernas (v. 2)"
2402,"dumbbell hammer curls (with arm blaster)","curl martillo con mancuernas (con arm blaster)"
1664,"dumbbell high curl","curl alto con mancuernas"
3545,"dumbbell incline alternate press","press inclinado alternado con mancuernas"
0314,"dumbbell incline bench press","press de banca inclinado con mancuernas"
0315,"dumbbell incline biceps curl","curl de bíceps inclinado con mancuernas"
0316,"dumbbell incline breeding","aperturas inclinadas con mancuernas"
0318,"dumbbell incline curl","curl inclinado con mancuernas"
0317,"dumbbell incline curl v. 2","curl inclinado con mancuernas (v. 2)"
0319,"dumbbell incline fly","apertura inclinada con mancuernas"
1278,"dumbbell incline fly on exercise ball","apertura inclinada sobre pelota suiza con mancuernas"
0320,"dumbbell incline hammer curl","curl martillo inclinado con mancuernas"
0321,"dumbbell incline hammer press","press martillo inclinado con mancuernas"
1618,"dumbbell incline hammer press on exercise ball","press martillo inclinado sobre pelota suiza con mancuernas"
0322,"dumbbell incline inner biceps curl","curl de bíceps interno inclinado con mancuernas"
1279,"dumbbell incline one arm fly","apertura inclinada a un brazo con mancuerna"
1280,"dumbbell incline one arm fly on exercise ball","apertura inclinada a un brazo sobre pelota suiza con mancuerna"
1619,"dumbbell incline one arm hammer press","press martillo inclinado a un brazo con mancuerna"
1620,"dumbbell incline one arm hammer press on exercise ball","press martillo inclinado a un brazo sobre pelota suiza con mancuerna"
0323,"dumbbell incline one arm lateral raise","elevación lateral inclinada a un brazo con mancuerna"
1281,"dumbbell incline one arm press","press inclinado a un brazo con mancuerna"
1282,"dumbbell incline one arm press on exercise ball","press inclinado a un brazo sobre pelota suiza con mancuerna"
0324,"dumbbell incline palm-in press","press inclinado con palmas enfrentadas con mancuernas"
1283,"dumbbell incline press on exercise ball","press inclinado sobre pelota suiza con mancuernas"
0325,"dumbbell incline raise","elevación inclinada con mancuernas"
0326,"dumbbell incline rear lateral raise","elevación posterior inclinada con mancuernas"
0327,"dumbbell incline row","remo inclinado con mancuernas"
0328,"dumbbell incline shoulder raise","elevación de hombros inclinada con mancuernas"
0329,"dumbbell incline shrug","encogimiento de hombros inclinado con mancuernas"
3542,"dumbbell incline t-raise","elevación en T inclinada con mancuernas"
0330,"dumbbell incline triceps extension","extensión de tríceps inclinada con mancuernas"
0331,"dumbbell incline twisted flyes","aperturas inclinadas con giro con mancuernas"
1733,"dumbbell incline two arm extension","extensión a dos brazos inclinada con mancuerna"
3541,"dumbbell incline y-raise","elevación en Y inclinada con mancuernas"
0332,"dumbbell iron cross","cruz de hierro con mancuernas"
0333,"dumbbell kickback","patada de tríceps con mancuernas"
1734,"dumbbell kickbacks on exercise ball","patadas de tríceps sobre pelota suiza con mancuernas"
1660,"dumbbell kneeling bicep curl exercise ball","curl de bíceps de rodillas sobre pelota suiza con mancuernas"
0334,"dumbbell lateral raise","elevación lateral con mancuernas"
0335,"dumbbell lateral to front raise","elevación lateral y frontal con mancuernas"
0336,"dumbbell lunge","zancada con mancuernas"
1658,"dumbbell lunge with bicep curl","zancada con curl de bíceps con mancuernas"
0337,"dumbbell lying extension (across face)","extensión acostado con mancuerna (por delante de la cara)"
1729,"dumbbell lying alternate extension","extensión alternada acostado con mancuernas"
0338,"dumbbell lying elbow press","press de codos acostado con mancuernas"
0863,"dumbbell lying external shoulder rotation","rotación externa de hombro acostado con mancuerna"
0339,"dumbbell lying femoral","curl femoral acostado con mancuerna"
0340,"dumbbell lying hammer press","press martillo acostado con mancuernas"
2470,"dumbbell lying on floor rear delt raise","elevación de deltoides posterior acostado en el piso con mancuernas"
0341,"dumbbell lying one arm deltoid rear","elevación posterior de deltoides a un brazo acostado con mancuerna"
0343,"dumbbell lying one arm press","press a un brazo acostado con mancuerna"
0342,"dumbbell lying one arm press v. 2","press a un brazo acostado con mancuerna (v. 2)"
0344,"dumbbell lying one arm pronated triceps extension","extensión de tríceps a un brazo pronado acostado con mancuerna"
0345,"dumbbell lying one arm rear lateral raise","elevación posterior a un brazo acostado con mancuerna"
0346,"dumbbell lying one arm supinated triceps extension","extensión de tríceps a un brazo supinado acostado con mancuerna"
0347,"dumbbell lying pronation","pronación acostado con mancuerna"
2705,"dumbbell lying pronation on floor","pronación acostado en el piso con mancuerna"
1284,"dumbbell lying pullover on exercise ball","pullover acostado sobre pelota suiza con mancuerna"
1328,"dumbbell lying rear delt row","remo para deltoides posterior acostado con mancuernas"
0348,"dumbbell lying rear lateral raise","elevación posterior acostado con mancuernas"
1735,"dumbbell lying single extension","extensión individual acostado con mancuerna"
0349,"dumbbell lying supination","supinación acostado con mancuerna"
2706,"dumbbell lying supination on floor","supinación acostado en el piso con mancuerna"
1661,"dumbbell lying supine biceps curl","curl de bíceps boca arriba acostado con mancuernas"
0350,"dumbbell lying supine curl","curl boca arriba acostado con mancuernas"
0351,"dumbbell lying triceps extension","extensión de tríceps acostado con mancuernas"
1662,"dumbbell lying wide curl","curl abierto acostado con mancuernas"
0352,"dumbbell neutral grip bench press","press de banca con agarre neutro con mancuernas"
1285,"dumbbell one arm bench fly","apertura a un brazo en banco con mancuerna"
0292,"dumbbell one arm bent-over row","remo con torso inclinado a un brazo con mancuerna"
1286,"dumbbell one arm chest fly on exercise ball","apertura de pecho a un brazo sobre pelota suiza con mancuerna"
0353,"dumbbell one arm concentration curl (on stability ball)","curl concentrado a un brazo con mancuerna (sobre pelota suiza)"
1287,"dumbbell one arm decline chest press","press de pecho declinado a un brazo con mancuerna"
1288,"dumbbell one arm fly on exercise ball","apertura a un brazo sobre pelota suiza con mancuerna"
1736,"dumbbell one arm french press on exercise ball","press francés a un brazo sobre pelota suiza con mancuerna"
1663,"dumbbell one arm hammer preacher curl","curl predicador martillo a un brazo con mancuerna"
1621,"dumbbell one arm hammer press on exercise ball","press martillo a un brazo sobre pelota suiza con mancuerna"
1289,"dumbbell one arm incline chest press","press de pecho inclinado a un brazo con mancuerna"
0354,"dumbbell one arm kickback","patada de tríceps a un brazo con mancuerna"
0355,"dumbbell one arm lateral raise","elevación lateral a un brazo con mancuerna"
0356,"dumbbell one arm lateral raise with support","elevación lateral a un brazo con apoyo con mancuerna"
1290,"dumbbell one arm press on exercise ball","press a un brazo sobre pelota suiza con mancuerna"
1665,"dumbbell one arm prone curl","curl a un brazo boca abajo con mancuerna"
1666,"dumbbell one arm prone hammer curl","curl martillo a un brazo boca abajo con mancuerna"
1291,"dumbbell one arm pullover on exercise ball","pullover a un brazo sobre pelota suiza con mancuerna"
0358,"dumbbell one arm reverse wrist curl","curl invertido de muñeca a un brazo con mancuerna"
0359,"dumbbell one arm reverse fly (with support)","apertura posterior a un brazo con apoyo con mancuerna"
1622,"dumbbell one arm reverse grip press","press con agarre invertido a un brazo con mancuerna"
1414,"dumbbell one arm reverse preacher curl","curl predicador invertido a un brazo con mancuerna"
1667,"dumbbell one arm reverse spider curl","curl araña invertido a un brazo con mancuerna"
1668,"dumbbell one arm seated bicep curl on exercise ball","curl de bíceps a un brazo sentado sobre pelota suiza con mancuerna"
1669,"dumbbell one arm seated hammer curl","curl martillo a un brazo sentado con mancuerna"
1415,"dumbbell one arm seated neutral wrist curl","curl de muñeca neutro a un brazo sentado con mancuerna"
0361,"dumbbell one arm shoulder press","press de hombros a un brazo con mancuerna"
0360,"dumbbell one arm shoulder press v. 2","press de hombros a un brazo con mancuerna (v. 2)"
3888,"dumbbell one arm snatch","arranque a un brazo con mancuerna"
1670,"dumbbell one arm standing curl","curl a un brazo de pie con mancuerna"
1671,"dumbbell one arm standing hammer curl","curl martillo a un brazo de pie con mancuerna"
0362,"dumbbell one arm triceps extension (on bench)","extensión de tríceps a un brazo con mancuerna (en banco)"
0363,"dumbbell one arm upright row","remo al mentón a un brazo con mancuerna"
0364,"dumbbell one arm wrist curl","curl de muñeca a un brazo con mancuerna"
1672,"dumbbell one arm zottman preacher curl","curl predicador zottman a un brazo con mancuerna"
1292,"dumbbell one leg fly on exercise ball","apertura a una pierna sobre pelota suiza con mancuerna"
0365,"dumbbell over bench neutral wrist curl","curl de muñeca neutro sobre banco con mancuerna"
0366,"dumbbell over bench one arm neutral wrist curl","curl de muñeca neutro a un brazo sobre banco con mancuerna"
1441,"dumbbell over bench one arm reverse wrist curl","curl invertido de muñeca a un brazo sobre banco con mancuerna"
0367,"dumbbell over bench one arm wrist curl","curl de muñeca a un brazo sobre banco con mancuerna"
0368,"dumbbell over bench revers wrist curl","curl invertido de muñeca sobre banco con mancuerna"
0369,"dumbbell over bench wrist curl","curl de muñeca sobre banco con mancuerna"
1329,"dumbbell palm rotational bent over row","remo con torso inclinado y rotación de muñeca con mancuernas"
1623,"dumbbell palms in incline bench press","press de banca inclinado con palmas enfrentadas con mancuernas"
0370,"dumbbell peacher hammer curl","curl predicador martillo con mancuerna"
0371,"dumbbell plyo squat","sentadilla pliométrica con mancuernas"
0372,"dumbbell preacher curl","curl predicador con mancuernas"
1673,"dumbbell preacher curl over exercise ball","curl predicador sobre pelota suiza con mancuernas"
1293,"dumbbell press on exercise ball","press sobre pelota suiza con mancuernas"
0373,"dumbbell pronate-grip triceps extension","extensión de tríceps con agarre pronado con mancuernas"
0374,"dumbbell prone incline curl","curl inclinado boca abajo con mancuernas"
1674,"dumbbell prone incline hammer curl","curl martillo inclinado boca abajo con mancuernas"
0375,"dumbbell pullover","pullover con mancuerna"
1294,"dumbbell pullover hip extension on exercise ball","pullover con extensión de cadera sobre pelota suiza con mancuerna"
1295,"dumbbell pullover on exercise ball","pullover sobre pelota suiza con mancuerna"
1700,"dumbbell push press","push press con mancuernas"
0376,"dumbbell raise","elevación con mancuernas"
2292,"dumbbell rear delt raise","elevación de deltoides posterior con mancuernas"
0377,"dumbbell rear delt row_shoulder","remo para deltoides posterior con mancuernas"
0378,"dumbbell rear fly","apertura posterior con mancuernas"
0380,"dumbbell rear lateral raise","elevación posterior con mancuernas"
0379,"dumbbell rear lateral raise (support head)","elevación posterior con mancuernas (cabeza apoyada)"
0381,"dumbbell rear lunge","zancada hacia atrás con mancuernas"
0382,"dumbbell revers grip biceps curl","curl de bíceps con agarre invertido con mancuernas"
1624,"dumbbell reverse bench press","press de banca invertido con mancuernas"
0383,"dumbbell reverse fly","apertura posterior con mancuernas"
1330,"dumbbell reverse grip incline bench one arm row","remo a un brazo en banco inclinado con agarre invertido con mancuerna"
1331,"dumbbell reverse grip incline bench two arm row","remo a dos brazos en banco inclinado con agarre invertido con mancuernas"
2327,"dumbbell reverse grip row (female)","remo con agarre invertido con mancuernas"
0384,"dumbbell reverse preacher curl","curl predicador invertido con mancuernas"
1675,"dumbbell reverse spider curl","curl araña invertido con mancuernas"
0385,"dumbbell reverse wrist curl","curl invertido de muñeca con mancuernas"
1459,"dumbbell romanian deadlift","peso muerto rumano con mancuernas"
0386,"dumbbell rotation reverse fly","apertura posterior con rotación con mancuernas"
2397,"dumbbell scott press","press scott con mancuernas"
0387,"dumbbell seated alternate front raise","elevación frontal alternada sentado con mancuernas"
1676,"dumbbell seated alternate hammer curl on exercise ball","curl martillo alternado sentado sobre pelota suiza con mancuernas"
0388,"dumbbell seated alternate press","press alternado sentado con mancuernas"
3546,"dumbbell seated alternate shoulder","press de hombros alternado sentado con mancuernas"
0389,"dumbbell seated bench extension","extensión sentado en banco con mancuernas"
2317,"dumbbell seated bent arm lateral raise","elevación lateral con brazos flexionados sentado con mancuernas"
1730,"dumbbell seated bent over alternate kickback","patada de tríceps alternada con torso inclinado sentado con mancuernas"
1737,"dumbbell seated bent over triceps extension","extensión de tríceps con torso inclinado sentado con mancuernas"
1677,"dumbbell seated bicep curl","curl de bíceps sentado con mancuernas"
0390,"dumbbell seated biceps curl (on stability ball)","curl de bíceps sentado con mancuernas (sobre pelota suiza)"
3547,"dumbbell seated biceps curl to shoulder press","curl de bíceps al press de hombros sentado con mancuernas"
1379,"dumbbell seated calf raise","elevación de gemelos sentado con mancuernas"
0391,"dumbbell seated curl","curl sentado con mancuernas"
0392,"dumbbell seated front raise","elevación frontal sentado con mancuernas"
1678,"dumbbell seated hammer curl","curl martillo sentado con mancuernas"
0393,"dumbbell seated inner biceps curl","curl de bíceps interno sentado con mancuernas"
0394,"dumbbell seated kickback","patada de tríceps sentado con mancuernas"
0396,"dumbbell seated lateral raise","elevación lateral sentado con mancuernas"
0395,"dumbbell seated lateral raise v. 2","elevación lateral sentado con mancuernas (v. 2)"
0397,"dumbbell seated neutral wrist curl","curl de muñeca neutro sentado con mancuernas"
1679,"dumbbell seated one arm bicep curl on exercise ball with leg raised","curl de bíceps a un brazo sentado sobre pelota suiza con pierna elevada con mancuerna"
0398,"dumbbell seated one arm kickback","patada de tríceps a un brazo sentado con mancuerna"
0399,"dumbbell seated one arm rotate","rotación a un brazo sentado con mancuerna"
0400,"dumbbell seated one leg calf raise","elevación de gemelo a una pierna sentado con mancuerna"
1380,"dumbbell seated one leg calf raise - hammer grip","elevación de gemelo a una pierna sentado con mancuerna (agarre martillo)"
1381,"dumbbell seated one leg calf raise - palm up","elevación de gemelo a una pierna sentado con mancuerna (palma arriba)"
0401,"dumbbell seated palms up wrist curl","curl de muñeca con palmas arriba sentado con mancuernas"
0402,"dumbbell seated preacher curl","curl predicador sentado con mancuernas"
0403,"dumbbell seated revers grip concentration curl","curl concentrado con agarre invertido sentado con mancuerna"
1738,"dumbbell seated reverse grip one arm overhead tricep extension","extensión de tríceps por encima de la cabeza a un brazo con agarre invertido sentado con mancuerna"
0405,"dumbbell seated shoulder press","press de hombros sentado con mancuernas"
0404,"dumbbell seated shoulder press (parallel grip)","press de hombros sentado con mancuernas (agarre paralelo)"
2188,"dumbbell seated triceps extension","extensión de tríceps sentado con mancuerna"
0406,"dumbbell shrug","encogimiento de hombros con mancuernas"
0407,"dumbbell side bend","flexión lateral de tronco con mancuerna"
0408,"dumbbell side lying one hand raise","elevación a una mano de costado con mancuerna"
3664,"dumbbell side plank with rear fly","plancha lateral con apertura posterior con mancuerna"
3548,"dumbbell single arm overhead carry","traslado por encima de la cabeza a un brazo con mancuerna"
0409,"dumbbell single leg calf raise","elevación de gemelo a una pierna con mancuerna"
1757,"dumbbell single leg deadlift","peso muerto a una pierna con mancuerna"
2805,"dumbbell single leg deadlift with stepbox support","peso muerto a una pierna con apoyo en cajón con mancuerna"
0410,"dumbbell single leg split squat","sentadilla búlgara a una pierna con mancuernas"
0411,"dumbbell single leg squat","sentadilla a una pierna con mancuerna"
0413,"dumbbell squat","sentadilla con mancuernas"
3560,"dumbbell standing alternate hammer curl and press","curl martillo alternado y press de pie con mancuernas"
0414,"dumbbell standing alternate overhead press","press alternado por encima de la cabeza de pie con mancuernas"
0415,"dumbbell standing alternate raise","elevación alternada de pie con mancuernas"
1739,"dumbbell standing alternating tricep kickback","patada de tríceps alternada de pie con mancuernas"
2143,"dumbbell standing around world","círculos alrededor del cuerpo de pie con mancuerna"
1740,"dumbbell standing bent over one arm triceps extension","extensión de tríceps a un brazo con torso inclinado de pie con mancuerna"
1741,"dumbbell standing bent over two arm triceps extension","extensión de tríceps a dos brazos con torso inclinado de pie con mancuernas"
0416,"dumbbell standing biceps curl","curl de bíceps de pie con mancuernas"
0417,"dumbbell standing calf raise","elevación de gemelos de pie con mancuernas"
0418,"dumbbell standing concentration curl","curl concentrado de pie con mancuerna"
0419,"dumbbell standing front raise above head","elevación frontal por encima de la cabeza de pie con mancuernas"
2321,"dumbbell standing inner biceps curl v. 2","curl de bíceps interno de pie con mancuernas (v. 2)"
0420,"dumbbell standing kickback","patada de tríceps de pie con mancuernas"
0421,"dumbbell standing one arm concentration curl","curl concentrado a un brazo de pie con mancuerna"
0422,"dumbbell standing one arm curl (over incline bench)","curl a un brazo de pie con mancuerna (sobre banco inclinado)"
1680,"dumbbell standing one arm curl over incline bench","curl a un brazo de pie sobre banco inclinado con mancuerna"
0423,"dumbbell standing one arm extension","extensión a un brazo de pie con mancuerna"
0424,"dumbbell standing one arm palm in press","press a un brazo con palma adentro de pie con mancuerna"
0425,"dumbbell standing one arm reverse curl","curl invertido a un brazo de pie con mancuerna"
0426,"dumbbell standing overhead press","press por encima de la cabeza de pie con mancuernas"
0427,"dumbbell standing palms in press","press con palmas enfrentadas de pie con mancuernas"
0428,"dumbbell standing preacher curl","curl predicador de pie con mancuernas"
0429,"dumbbell standing reverse curl","curl invertido de pie con mancuernas"
0430,"dumbbell standing triceps extension","extensión de tríceps de pie con mancuernas"
2293,"dumbbell standing zottman preacher curl","curl predicador zottman de pie con mancuernas"
1684,"dumbbell step up single leg balance with bicep curl","subida al cajón con equilibrio a una pierna y curl de bíceps con mancuernas"
0431,"dumbbell step-up","subida al cajón con mancuernas"
2796,"dumbbell step-up lunge","subida al cajón con zancada con mancuernas"
2812,"dumbbell step-up split squat","subida al cajón con sentadilla búlgara con mancuernas"
0432,"dumbbell stiff leg deadlift","peso muerto con piernas rígidas con mancuernas"
0433,"dumbbell straight arm pullover","pullover con brazos rectos con mancuerna"
0434,"dumbbell straight leg deadlift","peso muerto con piernas rectas con mancuernas"
2808,"dumbbell sumo pull through","pull through sumo con mancuerna"
2803,"dumbbell supported squat","sentadilla con apoyo con mancuernas"
0436,"dumbbell tate press","press tate con mancuernas"
1742,"dumbbell tricep kickback with stork stance","patada de tríceps en apoyo unipodal con mancuerna"
1743,"dumbbell twisting bench press","press de banca con giro con mancuernas"
0437,"dumbbell upright row","remo al mentón con mancuernas"
1765,"dumbbell upright row (back pov)","remo al mentón con mancuernas (vista posterior)"
0864,"dumbbell upright shoulder external rotation","rotación externa de hombro al mentón con mancuerna"
5201,"dumbbell waiter biceps curl","curl de bíceps tipo mozo con mancuerna"
0438,"dumbbell w-press","press en W con mancuernas"
0439,"dumbbell zottman curl","curl zottman con mancuernas"
2294,"dumbbell zottman preacher curl","curl predicador zottman con mancuernas"
2189,"dumbbells seated triceps extension","extensión de tríceps sentado con mancuernas"
1167,"dynamic chest stretch (male)","estiramiento dinámico de pecho"
3287,"elbow dips","fondos de codos"
1772,"elbow lift - reverse push-up","elevación de codos - flexión invertida"
0443,"elbow-to-knee","codo a rodilla"
3292,"elevator","ascensor"
1332,"exercise ball alternating arm ups","elevaciones de brazos alternadas sobre pelota suiza"
1333,"exercise ball back extension with arms extended","extensión de espalda con brazos extendidos sobre pelota suiza"
1334,"exercise ball back extension with hands behind head","extensión de espalda con manos tras nuca sobre pelota suiza"
1335,"exercise ball back extension with knees off ground","extensión de espalda con rodillas sin apoyo sobre pelota suiza"
1336,"exercise ball back extension with rotation","extensión de espalda con rotación sobre pelota suiza"
1744,"exercise ball dip","fondo sobre pelota suiza"
1559,"exercise ball hip flexor stretch","estiramiento de flexor de cadera sobre pelota suiza"
1338,"exercise ball hug","abrazo sobre pelota suiza"
1339,"exercise ball lat stretch","estiramiento de dorsal sobre pelota suiza"
1341,"exercise ball lower back stretch (pyramid)","estiramiento de zona lumbar sobre pelota suiza (pirámide)"
1342,"exercise ball lying side lat stretch","estiramiento lateral de dorsal acostado sobre pelota suiza"
1382,"exercise ball on the wall calf raise","elevación de gemelos contra la pared sobre pelota suiza"
3241,"exercise ball on the wall calf raise (tennis ball between ankles)","elevación de gemelos contra la pared sobre pelota suiza (pelota de tenis entre los tobillos)"
3240,"exercise ball on the wall calf raise (tennis ball between knees)","elevación de gemelos contra la pared sobre pelota suiza (pelota de tenis entre las rodillas)"
1416,"exercise ball one leg prone lower body rotation","rotación del tren inferior a una pierna boca abajo sobre pelota suiza"
1417,"exercise ball one legged diagonal kick hamstring curl","curl femoral con patada diagonal a una pierna sobre pelota suiza"
1296,"exercise ball pike push up","flexión pike sobre pelota suiza"
1343,"exercise ball prone leg raise","elevación de piernas boca abajo sobre pelota suiza"
1560,"exercise ball seated hamstring stretch","estiramiento de femorales sentado sobre pelota suiza"
1745,"exercise ball seated triceps stretch","estiramiento de tríceps sentado sobre pelota suiza"
1746,"exercise ball supine triceps extension","extensión de tríceps boca arriba sobre pelota suiza"
1747,"ez bar french press on exercise ball","press francés sobre pelota suiza con barra Z"
3010,"ez bar lying bent arms pullover","pullover acostado con brazos flexionados con barra Z"
1748,"ez bar lying close grip triceps extension behind head","extensión de tríceps acostado con agarre cerrado tras nuca con barra Z"
1344,"ez bar reverse grip bent over row","remo con torso inclinado con agarre invertido con barra Z"
1682,"ez bar seated close grip concentration curl","curl concentrado sentado con agarre cerrado con barra Z"
1749,"ez bar standing french press","press francés de pie con barra Z"
0445,"ez barbell anti gravity press","press antigravedad con barra Z"
1627,"ez barbell close grip preacher curl","curl predicador con agarre cerrado con barra Z"
0446,"ez barbell close-grip curl","curl con agarre cerrado con barra Z"
0447,"ez barbell curl","curl con barra Z"
0448,"ez barbell decline close grip face press","press hacia la cara declinado con agarre cerrado con barra Z"
2186,"ez barbell decline triceps extension","extensión de tríceps declinada con barra Z"
0449,"ez barbell incline triceps extension","extensión de tríceps inclinada con barra Z"
0450,"ez barbell jm bench press","press de banca JM con barra Z"
0451,"ez barbell reverse grip curl","curl con agarre invertido con barra Z"
0452,"ez barbell reverse grip preacher curl","curl predicador con agarre invertido con barra Z"
1458,"ez barbell seated curls","curls sentado con barra Z"
0453,"ez barbell seated triceps extension","extensión de tríceps sentado con barra Z"
0454,"ez barbell spider curl","curl araña con barra Z"
1628,"ez barbell spider curl","curl araña con barra Z"
2404,"ez-bar biceps curl (with arm blaster)","curl de bíceps con barra Z (con arm blaster)"
2432,"ez-bar close-grip bench press","press de banca con agarre cerrado con barra Z"
2741,"ez-barbell standing wide grip biceps curl","curl de bíceps con agarre abierto de pie con barra Z"
2133,"farmers walk","caminata del granjero"
0455,"finger curls","curl de dedos"
3303,"flag","la bandera"
0456,"flexion leg sit up (bent knee)","abdominal con piernas flexionadas (rodilla flexionada)"
0457,"flexion leg sit up (straight arm)","abdominal con piernas flexionadas (brazo recto)"
0458,"floor fly (with barbell)","apertura en el piso (con barra)"
0459,"flutter kicks","patadas de tijera"
1472,"forward jump","salto hacia adelante"
3470,"forward lunge (male)","zancada hacia adelante"
3194,"frankenstein squat","sentadilla frankenstein"
2429,"frog crunch","crunch rana"
3301,"frog planche","planche rana"
3296,"front lever","front lever"
3295,"front lever reps","repeticiones de front lever"
0464,"front plank with twist","plancha frontal con giro"
3315,"full maltese","maltés completo"
3299,"full planche","planche completo"
3327,"full planche push-up","flexión en planche completo"
0466,"gironda sternum chin","dominada al esternón de gironda"
3561,"glute bridge march","marcha en puente de glúteos"
3523,"glute bridge two legs on bench (male)","puente de glúteos con ambas piernas en banco"
3193,"glute-ham raise","elevación glúteo-femoral"
0467,"gorilla chin","dominada de gorila"
0469,"groin crunch","crunch de ingle"
1383,"hack calf raise","elevación de gemelos en hack"
1384,"hack one leg calf raise","elevación de gemelo a una pierna en hack"
3221,"half knee bends (male)","medias flexiones de rodilla"
3202,"half sit-up (male)","medio abdominal"
1511,"hamstring stretch","estiramiento de femorales"
2139,"hands bike","bicicleta de brazos"
3218,"hands clasped circular toe touch (male)","toque de punta de pie en círculo con manos entrelazadas"
3215,"hands reversed clasped circular toe touch (male)","toque de punta de pie en círculo con manos entrelazadas al revés"
3302,"handstand","parada de manos"
0471,"handstand push-up","flexión en parada de manos"
1764,"hanging leg hip raise","elevación de cadera y piernas colgado"
0472,"hanging leg raise","elevación de piernas colgado"
1761,"hanging oblique knee raise","elevación oblicua de rodillas colgado"
0473,"hanging pike","pike colgado"
0474,"hanging straight leg hip raise","elevación de cadera con piernas rectas colgado"
0475,"hanging straight leg raise","elevación de piernas rectas colgado"
0476,"hanging straight twisting leg hip raise","elevación de cadera con piernas rectas y giro colgado"
3636,"high knee against wall","rodilla alta contra la pared"
0484,"hip raise (bent knee)","elevación de cadera (rodilla flexionada)"
1418,"hug keens to chest","abrazo de rodillas al pecho"
3234,"hyght dumbbell fly","apertura hyght con mancuernas"
0489,"hyperextension","hiperextensión"
0488,"hyperextension (on bench)","hiperextensión (en banco)"
3289,"impossible dips","fondos imposibles"
1471,"inchworm","gusano (inchworm)"
3698,"inchworm v. 2","gusano (inchworm) (v. 2)"
0490,"incline close-grip push-up","flexión inclinada con agarre cerrado"
0491,"incline leg hip raise (leg straight)","elevación de cadera con pierna inclinada (pierna recta)"
0492,"incline push up depth jump","flexión inclinada con salto en profundidad"
0493,"incline push-up","flexión inclinada"
3785,"incline push-up (on box)","flexión inclinada (sobre cajón)"
0494,"incline reverse grip push-up","flexión inclinada con agarre invertido"
3011,"incline scapula push up","flexión escapular inclinada"
0495,"incline twisting sit-up","abdominal inclinado con giro"
1564,"intermediate hip flexor and quad stretch","estiramiento intermedio de flexor de cadera y cuádriceps"
0496,"inverse leg curl (bench support)","curl femoral invertido (apoyo en banco)"
2400,"inverse leg curl (on pull-up cable machine)","curl femoral invertido (en máquina de dominadas)"
0499,"inverted row","remo invertido"
2300,"inverted row bent knees","remo invertido con rodillas flexionadas"
2298,"inverted row on bench","remo invertido en banco"
0497,"inverted row v. 2","remo invertido (v. 2)"
0498,"inverted row with straps","remo invertido con correas"
1419,"iron cross stretch","estiramiento cruz de hierro"
1297,"isometric chest squeeze","compresión isométrica de pecho"
0500,"isometric wipers","limpiaparabrisas isométrico"
0501,"jack burpee","burpee con salto de tijera"
3224,"jack jump (male)","salto de tijera (jack jump)"
0507,"jackknife sit-up","abdominal navaja"
0508,"janda sit-up","abdominal janda"
2612,"jump rope","saltar la cuerda"
0514,"jump squat","sentadilla con salto"
0513,"jump squat v. 2","sentadilla con salto (v. 2)"
0517,"kettlebell advanced windmill","molino de viento avanzado con kettlebell"
0518,"kettlebell alternating hang clean","cargada colgante alternada con kettlebell"
0520,"kettlebell alternating press","press alternado con kettlebell"
0519,"kettlebell alternating press on floor","press alternado en el piso con kettlebell"
0521,"kettlebell alternating renegade row","remo renegado alternado con kettlebell"
0522,"kettlebell alternating row","remo alternado con kettlebell"
0523,"kettlebell arnold press","press arnold con kettlebell"
0524,"kettlebell bent press","press inclinado (bent press) con kettlebell"
0525,"kettlebell bottoms up clean from the hang position","cargada bottoms-up desde posición colgante con kettlebell"
0526,"kettlebell double alternating hang clean","cargada colgante alternada doble con kettlebell"
0527,"kettlebell double jerk","envión doble con kettlebell"
0528,"kettlebell double push press","push press doble con kettlebell"
0529,"kettlebell double snatch","arranque doble con kettlebell"
0530,"kettlebell double windmill","molino de viento doble con kettlebell"
0531,"kettlebell extended range one arm press on floor","press a un brazo con rango extendido en el piso con kettlebell"
0532,"kettlebell figure 8","figura 8 con kettlebell"
0533,"kettlebell front squat","sentadilla frontal con kettlebell"
0534,"kettlebell goblet squat","sentadilla goblet con kettlebell"
0535,"kettlebell hang clean","cargada colgante con kettlebell"
0536,"kettlebell lunge pass through","zancada con pase por debajo con kettlebell"
0537,"kettlebell one arm clean and jerk","cargada y envión a un brazo con kettlebell"
1298,"kettlebell one arm floor press","press en el piso a un brazo con kettlebell"
0538,"kettlebell one arm jerk","envión a un brazo con kettlebell"
0539,"kettlebell one arm military press to the side","press militar a un brazo hacia el costado con kettlebell"
0540,"kettlebell one arm push press","push press a un brazo con kettlebell"
0541,"kettlebell one arm row","remo a un brazo con kettlebell"
0542,"kettlebell one arm snatch","arranque a un brazo con kettlebell"
0543,"kettlebell pirate supper legs","piernas de pirata con kettlebell"
0544,"kettlebell pistol squat","sentadilla pistol con kettlebell"
0545,"kettlebell plyo push-up","flexión pliométrica con kettlebell"
0546,"kettlebell seated press","press sentado con kettlebell"
1438,"kettlebell seated two arm military press","press militar a dos brazos sentado con kettlebell"
0547,"kettlebell seesaw press","press tipo balancín con kettlebell"
0548,"kettlebell sumo high pull","tirón alto sumo con kettlebell"
0549,"kettlebell swing","swing con kettlebell"
0550,"kettlebell thruster","thruster con kettlebell"
0551,"kettlebell turkish get up (squat style)","turkish get-up con kettlebell (estilo sentadilla)"
0552,"kettlebell two arm clean","cargada a dos brazos con kettlebell"
0553,"kettlebell two arm military press","press militar a dos brazos con kettlebell"
1345,"kettlebell two arm row","remo a dos brazos con kettlebell"
0554,"kettlebell windmill","molino de viento con kettlebell"
0555,"kick out sit","kick out sit"
0558,"kipping muscle up","muscle up con kipping"
3640,"knee touch crunch","crunch con toque a la rodilla"
1420,"kneeling jump squat","sentadilla con salto de rodillas"
1346,"kneeling lat stretch","estiramiento de dorsal de rodillas"
3239,"kneeling plank tap shoulder (male)","plancha de rodillas con toque al hombro"
3211,"kneeling push-up (male)","flexión de rodillas"
3288,"korean dips","fondos coreanos"
3418,"l-pull-up","dominada en L"
3419,"l-sit on floor","L-sit en el piso"
0562,"landmine 180","landmine 180"
3237,"landmine lateral raise","elevación lateral con landmine"
3300,"lean planche","planche inclinado"
2271,"left hook. boxing","gancho de izquierda (boxeo)"
0570,"leg pull in flat bench","elevación de piernas al pecho en banco plano"
1576,"leg up hamstring stretch","estiramiento de femorales con pierna elevada"
2287,"lever alternate leg press","prensa de piernas alternada en máquina"
0571,"lever alternating narrow grip seated row","remo sentado alternado con agarre cerrado en máquina"
0572,"lever assisted chin-up","dominada supina asistida en máquina"
0573,"lever back extension","extensión de espalda en máquina"
0574,"lever bent over row","remo con torso inclinado en máquina"
3200,"lever bent-over row with v-bar","remo con torso inclinado con barra en V en máquina"
0575,"lever bicep curl","curl de bíceps en máquina"
2289,"lever calf press","prensa de gemelos en máquina"
0577,"lever chest press","press de pecho en máquina"
0576,"lever chest press","press de pecho en máquina"
0578,"lever deadlift","peso muerto en máquina"
1300,"lever decline chest press","press de pecho declinado en máquina"
1253,"lever donkey calf raise","elevación de gemelos tipo burro en máquina"
0579,"lever front pulldown","jalón al pecho frontal en máquina"
0580,"lever gripless shrug","encogimiento de hombros sin agarre en máquina"
1439,"lever gripless shrug v. 2","encogimiento de hombros sin agarre en máquina (v. 2)"
2288,"lever gripper hands","cierre de manos en máquina"
1615,"lever hammer grip preacher curl","curl predicador con agarre martillo en máquina"
0581,"lever high row","remo alto en máquina"
2286,"lever hip extension v. 2","extensión de cadera en máquina (v. 2)"
2611,"lever horizontal one leg press","prensa de piernas horizontal a una pierna en máquina"
1299,"lever incline chest press","press de pecho inclinado en máquina"
1479,"lever incline chest press v. 2","press de pecho inclinado en máquina (v. 2)"
0582,"lever kneeling leg curl","curl femoral de rodillas en máquina"
0583,"lever kneeling twist","giro de rodillas en máquina"
0584,"lever lateral raise","elevación lateral en máquina"
0585,"lever leg extension","extensión de cuádriceps en máquina"
0586,"lever lying leg curl","curl femoral acostado en máquina"
3195,"lever lying two-one leg curl","curl femoral acostado de dos a una pierna en máquina"
0587,"lever military press","press militar en máquina"
0588,"lever narrow grip seated row","remo sentado con agarre cerrado en máquina"
0589,"lever one arm bent over row","remo con torso inclinado a un brazo en máquina"
1356,"lever one arm lateral high row","remo alto lateral a un brazo en máquina"
1347,"lever one arm lateral wide pulldown","jalón lateral abierto a un brazo en máquina"
0590,"lever one arm shoulder press","press de hombros a un brazo en máquina"
0591,"lever overhand triceps dip","fondo de tríceps con agarre prono en máquina"
0592,"lever preacher curl","curl predicador en máquina"
1614,"lever preacher curl v. 2","curl predicador en máquina (v. 2)"
2285,"lever pullover","pullover en máquina"
2736,"lever reverse grip lateral pulldown","jalón al pecho con agarre invertido en máquina"
1616,"lever reverse grip preacher curl","curl predicador con agarre invertido en máquina"
1348,"lever reverse grip vertical row","remo vertical con agarre invertido en máquina"
0593,"lever reverse hyperextension","hiperextensión invertida en máquina"
1349,"lever reverse t-bar row","remo en punta invertido en máquina"
2315,"lever rotary calf","gemelo rotatorio en máquina"
2335,"lever seated calf press","prensa de gemelos sentado en máquina"
0594,"lever seated calf raise","elevación de gemelos sentado en máquina"
1452,"lever seated crunch","crunch sentado en máquina"
0595,"lever seated crunch (chest pad)","crunch sentado en máquina (apoyo en el pecho)"
3760,"lever seated crunch v. 2","crunch sentado en máquina (v. 2)"
1451,"lever seated dip","fondo sentado en máquina"
0596,"lever seated fly","apertura sentado en máquina"
3759,"lever seated good morning","buenos días sentado en máquina"
0597,"lever seated hip abduction","abducción de cadera sentado en máquina"
0598,"lever seated hip adduction","aducción de cadera sentado en máquina"
0599,"lever seated leg curl","curl femoral sentado en máquina"
0600,"lever seated leg raise crunch","crunch con elevación de piernas sentado en máquina"
0602,"lever seated reverse fly","apertura posterior sentado en máquina"
0601,"lever seated reverse fly (parallel grip)","apertura posterior sentado en máquina (agarre paralelo)"
1350,"lever seated row","remo sentado en máquina"
1385,"lever seated squat calf raise on leg press machine","elevación de gemelos en sentadilla sentado en la prensa de piernas"
0603,"lever shoulder press","press de hombros en máquina"
0869,"lever shoulder press v. 2","press de hombros en máquina (v. 2)"
2318,"lever shoulder press v. 3","press de hombros en máquina (v. 3)"
0604,"lever shrug","encogimiento de hombros en máquina"
0605,"lever standing calf raise","elevación de gemelos de pie en máquina"
3758,"lever standing chest press","press de pecho de pie en máquina"
0606,"lever t bar row","remo en punta en máquina"
1351,"lever t-bar reverse grip row","remo en punta con agarre invertido en máquina"
0607,"lever triceps extension","extensión de tríceps en máquina"
1313,"lever unilateral row","remo unilateral en máquina"
0609,"london bridge","puente de londres"
3013,"low glute bridge on floor","puente de glúteos bajo en el piso"
1352,"lower back curl","curl de zona lumbar"
3582,"lunge with jump","zancada con salto"
1688,"lunge with twist","zancada con giro"
0613,"lying (side) quads stretch","estiramiento de cuádriceps acostado (de costado)"
2312,"lying elbow to knee","codo a rodilla acostado"
0620,"lying leg raise flat bench","elevación de piernas acostado en banco plano"
0865,"lying leg-hip raise","elevación de piernas y cadera acostado"
1301,"machine inner chest press","press de pecho interno en máquina"
0624,"march sit (wall)","sentadilla isométrica en la pared con marcha"
1353,"medicine ball catch and overhead throw","recepción y lanzamiento por encima de la cabeza con balón medicinal"
1302,"medicine ball chest pass","pase de pecho con balón medicinal"
1303,"medicine ball chest push from 3 point stance","empuje de pecho desde posición de 3 apoyos con balón medicinal"
1304,"medicine ball chest push multiple response","empuje de pecho de respuesta múltiple con balón medicinal"
1305,"medicine ball chest push single response","empuje de pecho de respuesta única con balón medicinal"
1312,"medicine ball chest push with run release","empuje de pecho con carrera de liberación con balón medicinal"
1701,"medicine ball close grip push up","flexión con agarre cerrado con balón medicinal"
1354,"medicine ball overhead slam","golpe por encima de la cabeza con balón medicinal"
1750,"medicine ball supine chest throw","lanzamiento de pecho boca arriba con balón medicinal"
0627,"mixed grip chin-up","dominada supina con agarre mixto"
3217,"modified hindu push-up (male)","flexión hindú modificada"
1421,"modified push up to lower arms","flexión modificada bajando a los antebrazos"
0628,"monster walk","caminata del monstruo"
0630,"mountain climber","escalador"
0631,"muscle up","muscle up"
1401,"muscle-up (on vertical bar)","muscle up (en barra vertical)"
2328,"narrow push-up on exercise ball","flexión cerrada sobre pelota suiza"
1403,"neck side stretch","estiramiento lateral de cuello"
0634,"negative crunch","crunch negativo"
1495,"oblique crunch v. 2","crunch oblicuo (v. 2)"
0635,"oblique crunches floor","crunches oblicuos en el piso"
0636,"olympic barbell hammer curl","curl martillo con barra olímpica"
0637,"olympic barbell triceps extension","extensión de tríceps con barra olímpica"
1355,"one arm against wall","un brazo contra la pared"
0638,"one arm chin-up","dominada supina a un brazo"
0639,"one arm dip","fondo a un brazo"
0640,"one arm slam (with medicine ball)","golpe a un brazo (con balón medicinal)"
1773,"one arm towel row","remo a un brazo con toalla"
1386,"one leg donkey calf raise","elevación de gemelo tipo burro a una pierna"
1387,"one leg floor calf raise","elevación de gemelo en el piso a una pierna"
1476,"one leg squat","sentadilla a una pierna"
0641,"otis up","otis up"
0642,"outside leg kick push-up","flexión con patada de pierna hacia afuera"
0643,"overhead triceps stretch","estiramiento de tríceps por encima de la cabeza"
3147,"pelvic tilt","báscula pélvica"
1422,"pelvic tilt into bridge","báscula pélvica a puente"
1388,"peroneals stretch","estiramiento de peroneos"
3662,"pike-to-cobra push-up","flexión de pike a cobra"
1306,"plyo push up","flexión pliométrica"
1687,"posterior step to overhead reach","paso hacia atrás con alcance por encima de la cabeza"
1389,"posterior tibialis stretch","estiramiento de tibial posterior"
3119,"potty squat","sentadilla profunda tipo potty"
3132,"potty squat with support","sentadilla profunda tipo potty con apoyo"
0648,"power clean","cargada de potencia"
3665,"power point plank","plancha power point"
3203,"prisoner half sit-up (male)","medio abdominal de prisionero"
1707,"prone twist on stability ball","giro boca abajo sobre pelota suiza"
0651,"pull up (neutral grip)","dominada (agarre neutro)"
0650,"pull-in (on stability ball)","pull-in (sobre pelota suiza)"
0652,"pull-up","dominada"
1689,"push and pull bodyweight","empujar y traccionar con peso corporal"
3638,"push to run","de flexión a carrera"
1307,"push up on bosu ball","flexión sobre bosu"
0662,"push-up","flexión de brazos"
0653,"push-up (bosu ball)","flexión (bosu)"
0655,"push-up (on stability ball)","flexión (sobre pelota suiza)"
0656,"push-up (on stability ball)","flexión (sobre pelota suiza)"
0659,"push-up (wall)","flexión (pared)"
0658,"push-up (wall) v. 2","flexión (pared) (v. 2)"
0660,"push-up close-grip off dumbbell","flexión con agarre cerrado sobre mancuernas"
0661,"push-up inside leg kick","flexión con patada de pierna hacia adentro"
0663,"push-up medicine ball","flexión sobre balón medicinal"
1467,"push-up on lower arms","flexión sobre los antebrazos"
3145,"push-up plus","flexión plus"
0664,"push-up to side plank","flexión a plancha lateral"
3533,"quads","cuádriceps"
3201,"quarter sit-up","cuarto de abdominal"
3552,"quick feet v. 2","pies rápidos (v. 2)"
0666,"raise single arm push-up","flexión con elevación de un brazo"
0668,"rear decline bridge","puente declinado posterior"
0669,"rear deltoid stretch","estiramiento de deltoides posterior"
0670,"rear pull-up","dominada posterior"
1582,"reclining big toe pose with rope","postura del dedo gordo reclinada con soga"
3236,"resistance band hip thrusts on knees (female)","empujes de cadera de rodillas con banda elástica"
3007,"resistance band leg extension","extensión de cuádriceps con banda elástica"
3123,"resistance band seated biceps curl","curl de bíceps sentado con banda elástica"
3124,"resistance band seated chest press","press de pecho sentado con banda elástica"
3006,"resistance band seated hip abduction","abducción de cadera sentado con banda elástica"
3122,"resistance band seated shoulder press","press de hombros sentado con banda elástica"
3144,"resistance band seated straight back row","remo sentado con espalda recta con banda elástica"
0872,"reverse crunch","crunch invertido"
0672,"reverse dip","fondo invertido"
0673,"reverse grip machine lat pulldown","jalón al pecho con agarre invertido en máquina"
0674,"reverse grip pull-up","dominada con agarre invertido"
0675,"reverse hyper extension (on stability ball)","hiperextensión invertida (sobre pelota suiza)"
1423,"reverse hyper on flat bench","hiperextensión invertida en banco plano"
3663,"reverse plank with leg lift","plancha invertida con elevación de pierna"
0677,"ring dips","fondos en anillas"
2571,"rocking frog stretch","estiramiento de rana con balanceo"
0678,"rocky pull-up pulldown","dominada a jalón rocky"
2208,"roller back stretch","estiramiento de espalda con rodillo"
2204,"roller body saw","body saw con rodillo"
2205,"roller hip lat stretch","estiramiento de cadera y dorsal con rodillo"
2202,"roller hip stretch","estiramiento de cadera con rodillo"
2206,"roller reverse crunch","crunch invertido con rodillo"
2203,"roller seated shoulder flexor depresor retractor","movilidad de hombros sentado con rodillo"
2209,"roller seated single leg shoulder flexor depresor retractor","movilidad de hombros a una pierna sentado con rodillo"
2207,"roller side lat stretch","estiramiento lateral de dorsal con rodillo"
0680,"rope climb","trepa de cuerda"
0685,"run","correr"
0684,"run (equipment)","correr (equipo)"
1585,"runners stretch","estiramiento del corredor"
0687,"russian twist","giro ruso"
3012,"scapula dips","fondos escapulares"
3021,"scapula push-up","flexión escapular"
0688,"scapular pull-up","dominada escapular"
3219,"scissor jumps (male)","saltos de tijera"
1390,"seated calf stretch (male)","estiramiento de gemelos sentado"
1424,"seated glute stretch","estiramiento de glúteos sentado"
0689,"seated leg raise","elevación de piernas sentado"
0690,"seated lower back stretch","estiramiento de zona lumbar sentado"
2567,"seated piriformis stretch","estiramiento de piriforme sentado"
0691,"seated side crunch (wall)","crunch lateral sentado (pared)"
1587,"seated wide angle pose sequence","secuencia de postura de ángulo abierto sentado"
0697,"self assisted inverse leg curl","curl femoral invertido autoasistido"
1766,"self assisted inverse leg curl","curl femoral invertido autoasistido"
0696,"self assisted inverse leg curl (on floor)","curl femoral invertido autoasistido (en el piso)"
3222,"semi squat jump (male)","salto en media sentadilla"
3656,"short stride run","carrera de zancada corta"
1763,"shoulder grip pull-up","dominada con agarre a la altura de los hombros"
3699,"shoulder tap","toque al hombro"
0699,"shoulder tap push-up","flexión con toque al hombro"
1774,"side bridge hip abduction","abducción de cadera en plancha lateral"
0705,"side bridge v. 2","plancha lateral (v. 2)"
0709,"side hip (on parallel bars)","elevación de cadera lateral (en paralelas)"
0710,"side hip abduction","abducción de cadera lateral"
1358,"side lying floor stretch","estiramiento en el piso de costado"
3667,"side lying hip adduction (male)","aducción de cadera acostado de costado"
1775,"side plank hip adduction","aducción de cadera en plancha lateral"
0716,"side push neck stretch","estiramiento de cuello con empuje lateral"
0717,"side push-up","flexión lateral"
0721,"side wrist pull stretch","estiramiento de muñeca con tracción lateral"
0720,"side-to-side chin","dominada de lado a lado"
3213,"side-to-side toe touch (male)","toque de punta de pie de lado a lado"
0725,"single arm push-up","flexión a un brazo"
3645,"single leg bridge with outstretched leg","puente a una pierna con pierna extendida"
0727,"single leg calf raise (on a dumbbell)","elevación de gemelo a una pierna (sobre una mancuerna)"
0730,"single leg platform slide","deslizamiento en plataforma a una pierna"
1759,"single leg squat (pistol) male","sentadilla a una pierna (pistol)"
1489,"sissy squat","sentadilla sissy"
0735,"sit-up v. 2","abdominal (v. 2)"
3679,"sit-up with arms on chest","abdominal con brazos sobre el pecho"
3361,"skater hops","saltos de patinador"
2142,"ski ergometer","ergómetro de esquí"
3671,"ski step","paso de esquí"
3304,"skin the cat","skin the cat"
1425,"sled 45 degrees one leg press","prensa de piernas a 45° a una pierna"
0738,"sled 45в° calf press","prensa de gemelos a 45°"
0739,"sled 45в° leg press","prensa de piernas a 45°"
1464,"sled 45в° leg press (back pov)","prensa de piernas a 45° (vista posterior)"
1463,"sled 45° leg press (side pov)","prensa de piernas a 45° (vista lateral)"
0740,"sled 45в° leg wide press","prensa de piernas abierta a 45°"
1391,"sled calf press on leg press","prensa de gemelos en la prensa de piernas"
0741,"sled closer hack squat","hack squat con pies juntos en prensa"
0742,"sled forward angled calf raise","elevación de gemelos con ángulo hacia adelante en prensa"
0743,"sled hack squat","hack squat en prensa"
2334,"sled lying calf press","prensa de gemelos acostado en prensa"
0744,"sled lying squat","sentadilla acostado en prensa"
1392,"sled one leg calf press on leg press","prensa de gemelos a una pierna en la prensa de piernas"
1496,"sledge hammer","martillo de trineo"
0746,"smith back shrug","encogimiento de hombros por detrás en multipower"
0747,"smith behind neck press","press tras nuca en multipower"
0748,"smith bench press","press de banca en multipower"
0749,"smith bent knee good morning","buenos días con rodillas flexionadas en multipower"
1359,"smith bent over row","remo con torso inclinado en multipower"
0750,"smith chair squat","sentadilla en silla en multipower"
0751,"smith close-grip bench press","press de banca con agarre cerrado en multipower"
0752,"smith deadlift","peso muerto en multipower"
0753,"smith decline bench press","press de banca declinado en multipower"
0754,"smith decline reverse-grip press","press declinado con agarre invertido en multipower"
1433,"smith front squat (clean grip)","sentadilla frontal en multipower (agarre de cargada)"
3281,"smith full squat","sentadilla profunda en multipower"
0755,"smith hack squat","hack squat en multipower"
0756,"smith hip raise","elevación de cadera en multipower"
0757,"smith incline bench press","press de banca inclinado en multipower"
0758,"smith incline reverse-grip press","press inclinado con agarre invertido en multipower"
0759,"smith incline shoulder raises","elevaciones de hombros inclinado en multipower"
0760,"smith leg press","prensa de piernas en multipower"
1434,"smith low bar squat","sentadilla con barra baja en multipower"
1683,"smith machine bicep curl","curl de bíceps en multipower"
1625,"smith machine decline close grip bench press","press de banca declinado con agarre cerrado en multipower"
1752,"smith machine incline tricep extension","extensión de tríceps inclinada en multipower"
1626,"smith machine reverse decline close grip bench press","press de banca declinado invertido con agarre cerrado en multipower"
0761,"smith narrow row","remo cerrado en multipower"
1360,"smith one arm row","remo a un brazo en multipower"
1393,"smith one leg floor calf raise","elevación de gemelo en el piso a una pierna en multipower"
0762,"smith rear delt row","remo para deltoides posterior en multipower"
0763,"smith reverse calf raises","elevaciones de gemelos invertidas en multipower"
1394,"smith reverse calf raises","elevaciones de gemelos invertidas en multipower"
1361,"smith reverse grip bent over row","remo con torso inclinado con agarre invertido en multipower"
0764,"smith reverse-grip press","press con agarre invertido en multipower"
1395,"smith seated one leg calf raise","elevación de gemelo a una pierna sentado en multipower"
0765,"smith seated shoulder press","press de hombros sentado en multipower"
1426,"smith seated wrist curl","curl de muñeca sentado en multipower"
0766,"smith shoulder press","press de hombros en multipower"
0767,"smith shrug","encogimiento de hombros en multipower"
0768,"smith single leg split squat","sentadilla búlgara a una pierna en multipower"
0769,"smith sprint lunge","zancada de sprint en multipower"
0770,"smith squat","sentadilla en multipower"
0771,"smith standing back wrist curl","curl de muñeca por detrás de pie en multipower"
0772,"smith standing behind head military press","press militar tras nuca de pie en multipower"
0773,"smith standing leg calf raise","elevación de gemelos de pie en multipower"
0774,"smith standing military press","press militar de pie en multipower"
3142,"smith sumo squat","sentadilla sumo en multipower"
1396,"smith toe raise","elevación de puntas de pie en multipower"
0775,"smith upright row","remo al mentón en multipower"
1308,"smith wide grip bench press","press de banca con agarre abierto en multipower"
1309,"smith wide grip decline bench press","press de banca declinado con agarre abierto en multipower"
0776,"snatch pull","tirón de arranque"
0777,"spell caster","spell caster"
1362,"sphinx","esfinge"
0778,"spider crawl push up","flexión con reptado de araña"
1363,"spine stretch","estiramiento de columna"
2329,"spine twist","giro de columna"
2368,"split squats","sentadillas búlgaras"
0786,"squat jerk","envión en sentadilla"
1705,"squat on bosu ball","sentadilla sobre bosu"
1685,"squat to overhead reach","sentadilla con alcance por encima de la cabeza"
1686,"squat to overhead reach with twist","sentadilla con alcance por encima de la cabeza y giro"
2297,"stability ball crunch (full range hands behind head)","crunch sobre pelota suiza (rango completo, manos tras nuca)"
3291,"stalder press","stalder press"
3669,"standing archer","arquero de pie"
0788,"standing behind neck press","press tras nuca de pie"
1490,"standing calf raise (on a staircase)","elevación de gemelos de pie (en una escalera)"
1397,"standing calves","gemelos de pie"
1398,"standing calves calf stretch","estiramiento de gemelos de pie"
1599,"standing hamstring and calf stretch with strap","estiramiento de femorales y gemelos de pie con banda"
0794,"standing lateral stretch","estiramiento lateral de pie"
1364,"standing pelvic tilt","báscula pélvica de pie"
0795,"standing single leg curl","curl femoral a una pierna de pie"
0796,"standing wheel rollerout","rueda abdominal de pie"
3223,"star jump (male)","salto de estrella"
2138,"stationary bike run v. 3","carrera en bicicleta fija (v. 3)"
0798,"stationary bike walk","caminata en bicicleta fija"
3314,"straddle maltese","maltés con piernas abiertas"
3298,"straddle planche","planche con piernas abiertas"
1427,"straight leg outer hip abductor","abductor externo de cadera con pierna recta"
0803,"superman push-up","flexión superman"
0805,"suspended abdominal fallout","caída abdominal en suspensión"
0806,"suspended push-up","flexión en suspensión"
0807,"suspended reverse crunch","crunch invertido en suspensión"
0808,"suspended row","remo en suspensión"
0809,"suspended split squat","sentadilla búlgara en suspensión"
3433,"swimmer kicks v. 2 (male)","patadas de nadador (v. 2)"
3318,"swing 360","swing 360"
1753,"three bench dip","fondo entre tres bancos"
2459,"tire flip","volteo de neumático"
0811,"trap bar deadlift","peso muerto con barra hexagonal"
0814,"triceps dip","fondo de tríceps"
0812,"triceps dip (bench leg)","fondo de tríceps (pierna en el banco)"
0813,"triceps dip (between benches)","fondo de tríceps (entre bancos)"
0815,"triceps dips floor","fondos de tríceps en el piso"
0816,"triceps press","press de tríceps"
0817,"triceps stretch","estiramiento de tríceps"
0871,"tuck crunch","crunch con rodillas al pecho"
0818,"twin handle parallel grip lat pulldown","jalón al pecho con doble maneral de agarre paralelo"
1466,"twist hip lift","elevación de cadera con giro"
2802,"twisted leg raise","elevación de piernas con giro"
2801,"twisted leg raise (female)","elevación de piernas con giro"
3231,"two toe touch (male)","toque de dos puntas de pie"
1365,"upper back stretch","estiramiento de espalda alta"
1366,"upward facing dog","perro boca arriba"
3420,"v-sit on floor","V-sit en el piso"
0826,"vertical leg raise (on parallel bars)","elevación vertical de piernas (en paralelas)"
2141,"walk elliptical cross trainer","caminar en elíptica"
3655,"walking high knees lunge","zancada con rodillas altas caminando"
1460,"walking lunge","zancada caminando"
3666,"walking on incline treadmill","caminar en cinta inclinada"
2311,"walking on stepmill","caminar en escaladora"
0830,"weighted bench dip","fondo en banco con lastre"
2987,"weighted close grip chin-up on dip cage","dominada supina con agarre cerrado y lastre en jaula de fondos"
3643,"weighted cossack squats (male)","sentadillas cosaco con lastre"
0832,"weighted crunch","crunch con lastre"
3670,"weighted decline sit-up","abdominal declinado con lastre"
0833,"weighted donkey calf raise","elevación de gemelos tipo burro con lastre"
1310,"weighted drop push up","flexión en caída con lastre"
2135,"weighted front plank","plancha frontal con lastre"
0834,"weighted front raise","elevación frontal con lastre"
0866,"weighted hanging leg-hip raise","elevación de piernas y cadera colgado con lastre"
0835,"weighted hyperextension (on stability ball)","hiperextensión con lastre (sobre pelota suiza)"
3641,"weighted kneeling step with swing","paso de rodillas con balanceo y lastre"
3644,"weighted lunge with swing","zancada con balanceo y lastre"
3286,"weighted muscle up","muscle up con lastre"
3312,"weighted muscle up (on bar)","muscle up con lastre (en barra)"
3290,"weighted one hand pull up","dominada a una mano con lastre"
0840,"weighted overhead crunch (on stability ball)","crunch por encima de la cabeza con lastre (sobre pelota suiza)"
0841,"weighted pull-up","dominada con lastre"
0844,"weighted round arm","brazo circular con lastre"
0846,"weighted russian twist","giro ruso con lastre"
0845,"weighted russian twist (legs up)","giro ruso con lastre (piernas arriba)"
2371,"weighted russian twist v. 2","giro ruso con lastre (v. 2)"
0847,"weighted seated bicep curl (on stability ball)","curl de bíceps sentado con lastre (sobre pelota suiza)"
0849,"weighted seated twist (on stability ball)","giro sentado con lastre (sobre pelota suiza)"
0850,"weighted side bend (on stability ball)","flexión lateral de tronco con lastre (sobre pelota suiza)"
0851,"weighted sissy squat","sentadilla sissy con lastre"
0852,"weighted squat","sentadilla con lastre"
0853,"weighted standing curl","curl de pie con lastre"
0854,"weighted standing hand squeeze","apretón de mano de pie con lastre"
3313,"weighted straight bar dip","fondo en barra recta con lastre"
3642,"weighted stretch lunge","zancada con estiramiento y lastre"
0856,"weighted svend press","press svend con lastre"
1754,"weighted three bench dips","fondos entre tres bancos con lastre"
1755,"weighted tricep dips","fondos de tríceps con lastre"
1767,"weighted triceps dip on high parallel bars","fondo de tríceps en paralelas altas con lastre"
0857,"wheel rollerout","rueda abdominal"
3637,"wheel run","carrera con rueda"
1429,"wide grip pull-up","dominada con agarre abierto"
1367,"wide grip rear pull-up","dominada posterior con agarre abierto"
1311,"wide hand push up","flexión con manos abiertas"
2363,"wide-grip chest dip on high parallel bars","fondo de pecho en paralelas altas con agarre abierto"
0858,"wind sprints","sprints cortos"
1604,"world greatest stretch","el mejor estiramiento del mundo"
1428,"wrist circles","círculos de muñeca"
0859,"wrist rollerer","enrollador de muñeca"
